"tutor_user_idx","student_user_idx","course_id","course_class_id","course_class_seq_id","quiz_submit_ratio","quiz_solving_cnt","quiz_solving_time","registered_by_user_idx","registered_date","last_modified_by_user_idx","last_modified_date"
"146","99","90","154","465","1.0000","2","0.0000","146","2022-07-18 15:46:25","146","2022-07-18 15:46:25"
"6","99","92","152","454",\0,\0,\0,"6","2022-07-18 15:13:42","6","2022-07-18 15:13:42"
"6","99","92","152","455",\0,\0,\0,"6","2022-07-18 15:14:39","6","2022-07-18 15:14:39"
"6","99","92","152","456",\0,\0,\0,"6","2022-07-18 15:15:10","6","2022-07-18 15:15:10"
"6","99","92","152","457",\0,\0,\0,"6","2022-07-18 15:15:37","6","2022-07-18 15:15:37"
"6","140","92","152","454",\0,\0,\0,"6","2022-07-18 15:13:42","6","2022-07-18 15:13:42"
"6","140","92","152","455",\0,\0,\0,"6","2022-07-18 15:14:39","6","2022-07-18 15:14:39"
"6","140","92","152","456",\0,\0,\0,"6","2022-07-18 15:15:10","6","2022-07-18 15:15:10"
"6","140","92","152","457",\0,\0,\0,"6","2022-07-18 15:15:37","6","2022-07-18 15:15:37"
"47","69","94","160","477",\0,\0,\0,"47","2022-07-19 10:30:20","47","2022-07-19 10:30:20"
"47","69","94","161","478",\0,\0,\0,"47","2022-07-19 10:42:01","47","2022-07-19 10:42:01"
"47","69","94","168","479",\0,\0,\0,"47","2022-07-19 10:56:10","47","2022-07-19 10:56:10"
"47","69","98","169","480",\0,\0,\0,"47","2022-07-19 11:04:50","47","2022-07-19 11:04:50"
"47","69","101","173","483",\0,\0,\0,"47","2022-07-19 11:54:31","47","2022-07-19 11:54:35"
"47","69","102","175","486",\0,\0,\0,"47","2022-07-19 12:02:42","47","2022-07-19 12:02:42"
"47","69","106","179","492","1.0000","2","0.0000","47","2022-07-19 13:16:33","47","2022-07-19 13:16:33"
"3","99","112","188","507","1.0000","4","0.0000","3","2022-07-19 23:44:42","3","2022-07-19 23:44:42"
"3","99","113","189","511","1.0000","4","0.0000","3","2022-07-20 09:33:58","3","2022-07-20 09:33:58"
"3","99","113","189","512",\0,\0,\0,"3","2022-07-20 09:55:19","3","2022-07-20 09:55:19"
"3","117","113","189","511","1.0000","4","0.0000","3","2022-07-20 09:33:58","3","2022-07-20 09:33:58"
"3","117","113","189","512",\0,\0,\0,"3","2022-07-20 09:55:19","3","2022-07-20 09:55:19"
"146","99","116","192","523",\0,\0,\0,"3","2022-07-20 13:37:10","3","2022-07-20 13:37:10"
"146","99","116","192","524",\0,\0,\0,"3","2022-07-20 13:41:41","3","2022-07-20 13:41:41"
"146","99","116","192","525",\0,\0,\0,"146","2022-07-20 13:45:25","146","2022-07-20 13:45:25"
"146","99","116","192","561",\0,\0,\0,"146","2022-07-20 14:58:20","146","2022-07-20 14:58:20"
"146","99","116","192","594",\0,\0,\0,"146","2022-07-25 17:35:37","146","2022-07-25 17:35:37"
"146","99","116","192","595",\0,\0,\0,"146","2022-07-25 18:40:59","146","2022-07-25 18:40:59"
"146","99","116","192","603",\0,\0,\0,"146","2022-07-26 12:28:10","146","2022-07-26 12:28:10"
"146","99","116","192","607",\0,\0,\0,"146","2022-07-26 13:16:32","146","2022-07-26 13:16:32"
"3","99","124","201","575",\0,\0,\0,"3","2022-07-22 17:23:58","3","2022-07-22 17:23:58"
"3","99","124","201","576",\0,\0,\0,"3","2022-07-22 20:09:28","3","2022-07-22 20:09:28"
"3","99","124","201","592",\0,\0,\0,"3","2022-07-25 17:01:27","3","2022-07-25 17:01:27"
"3","117","124","201","575",\0,\0,\0,"3","2022-07-22 17:23:58","3","2022-07-22 17:23:58"
"3","117","124","201","576",\0,\0,\0,"3","2022-07-22 20:09:28","3","2022-07-22 20:09:28"
"3","117","124","201","592",\0,\0,\0,"3","2022-07-25 17:01:27","3","2022-07-25 17:01:27"
"64","24","124","241","646",\0,\0,\0,"1","2022-08-02 12:41:48","1","2022-08-02 12:41:48"
"64","24","124","241","649",\0,\0,\0,"1","2022-08-02 13:06:31","1","2022-08-02 13:06:31"
"64","24","124","241","651",\0,\0,\0,"1","2022-08-03 16:52:16","1","2022-08-03 16:52:16"
"64","25","124","241","646",\0,\0,\0,"1","2022-08-02 12:41:48","1","2022-08-02 12:41:48"
"64","25","124","241","649",\0,\0,\0,"1","2022-08-02 13:06:31","1","2022-08-02 13:06:31"
"64","25","124","241","651",\0,\0,\0,"1","2022-08-03 16:52:16","1","2022-08-03 16:52:16"
"64","61","124","241","646",\0,\0,\0,"1","2022-08-02 12:41:48","1","2022-08-02 12:41:48"
"64","61","124","241","649",\0,\0,\0,"1","2022-08-02 13:06:31","1","2022-08-02 13:06:31"
"64","61","124","241","651",\0,\0,\0,"1","2022-08-03 16:52:16","1","2022-08-03 16:52:16"
"64","99","124","241","646",\0,\0,\0,"1","2022-08-02 12:41:48","1","2022-08-02 12:41:48"
"64","99","124","241","649",\0,\0,\0,"1","2022-08-02 13:06:31","1","2022-08-02 13:06:31"
"64","99","124","241","651",\0,\0,\0,"1","2022-08-03 16:52:16","1","2022-08-03 16:52:16"
"64","132","124","241","646",\0,\0,\0,"1","2022-08-02 12:41:48","1","2022-08-02 12:41:48"
"64","132","124","241","649",\0,\0,\0,"1","2022-08-02 13:06:31","1","2022-08-02 13:06:31"
"64","132","124","241","651",\0,\0,\0,"1","2022-08-03 16:52:16","1","2022-08-03 16:52:16"
"64","145","124","241","646",\0,\0,\0,"1","2022-08-02 12:41:48","1","2022-08-02 12:41:48"
"64","145","124","241","649",\0,\0,\0,"1","2022-08-02 13:06:31","1","2022-08-02 13:06:31"
"64","145","124","241","651",\0,\0,\0,"1","2022-08-03 16:52:16","1","2022-08-03 16:52:16"
"64","170","124","241","646",\0,\0,\0,"1","2022-08-02 12:41:48","1","2022-08-02 12:41:48"
"64","170","124","241","649",\0,\0,\0,"1","2022-08-02 13:06:31","1","2022-08-02 13:06:31"
"64","170","124","241","651",\0,\0,\0,"1","2022-08-03 16:52:16","1","2022-08-03 16:52:16"
"47","69","125","202","574",\0,\0,\0,"47","2022-07-22 15:31:34","47","2022-07-22 15:31:34"
"47","69","127","205","578",\0,\0,\0,"47","2022-07-25 10:13:58","47","2022-07-25 10:13:58"
"47","42","128","206","579",\0,\0,\0,"148","2022-07-25 13:12:53","148","2022-07-25 13:12:53"
"47","42","128","206","583",\0,\0,\0,"148","2022-07-25 14:21:13","148","2022-07-25 14:21:13"
"47","69","136","217","591",\0,\0,\0,"47","2022-07-25 16:55:41","47","2022-07-25 16:55:41"
"148","101","137","223","597","1.0000","2","0.0000","148","2022-07-26 10:33:25","148","2022-07-26 10:33:25"
"148","101","137","223","599",\0,\0,\0,"56","2022-07-26 10:52:20","56","2022-07-26 10:52:28"
"148","101","137","223","609",\0,\0,\0,"148","2022-07-26 13:40:58","148","2022-07-26 13:40:58"
"148","101","137","223","610",\0,\0,\0,"148","2022-07-26 13:41:27","148","2022-07-26 13:41:27"
"148","101","137","223","620",\0,\0,\0,"51","2022-07-26 15:09:57","51","2022-07-26 15:09:57"
"47","69","138","224","602","1.0000","2","0.0000","47","2022-07-26 11:24:02","47","2022-07-26 11:24:02"
"286","287","143","340","1129",\0,\0,\0,"286","2022-09-13 16:56:44","286","2022-09-13 16:56:44"
"47","109","144","232","629",\0,\0,\0,"47","2022-07-27 10:49:22","47","2022-07-27 10:49:22"
"47","160","144","232","629",\0,\0,\0,"47","2022-07-27 10:49:22","47","2022-07-27 10:49:22"
"46","101","145","236","634",\0,\0,\0,"51","2022-07-28 15:17:55","51","2022-07-28 15:17:55"
"46","101","145","236","635",\0,\0,\0,"46","2022-07-28 15:18:52","46","2022-07-28 15:18:52"
"46","101","145","236","640",\0,\0,\0,"46","2022-07-28 15:47:29","46","2022-07-28 15:47:29"
"47","69","147","237","638",\0,\0,\0,"47","2022-07-28 15:34:02","47","2022-07-28 15:43:25"
"47","99","147","237","638",\0,\0,\0,"47","2022-07-28 15:34:02","47","2022-07-28 15:43:25"
"47","156","147","237","638",\0,\0,\0,"47","2022-07-28 15:34:02","47","2022-07-28 15:43:25"
"47","170","147","237","638",\0,\0,\0,"47","2022-07-28 15:34:02","47","2022-07-28 15:43:25"
"47","69","147","239","641",\0,\0,\0,"47","2022-07-28 15:57:46","47","2022-07-28 15:57:46"
"47","101","147","239","641",\0,\0,\0,"47","2022-07-28 15:57:46","47","2022-07-28 15:57:46"
"47","69","148","240","643","1.0000","1","0.0000","47","2022-07-28 17:28:50","47","2022-07-28 17:28:50"
"47","99","148","240","643","0.0000","0",\0,"47","2022-07-28 17:28:50","47","2022-07-28 17:28:50"
"200","198","149","253","672",\0,\0,\0,"200","2022-08-11 16:05:39","200","2022-08-11 16:05:39"
"200","198","149","253","674",\0,\0,\0,"200","2022-08-11 18:12:31","200","2022-08-11 18:12:31"
"200","198","149","253","678",\0,\0,\0,"200","2022-08-12 16:48:46","200","2022-08-12 16:48:46"
"200","198","149","253","682",\0,\0,\0,"200","2022-08-12 17:05:02","200","2022-08-12 17:05:02"
"200","198","149","253","694",\0,\0,\0,"200","2022-08-13 14:01:53","200","2022-08-13 14:01:53"
"200","201","149","253","672",\0,\0,\0,"200","2022-08-11 16:05:39","200","2022-08-11 16:05:39"
"200","201","149","253","674",\0,\0,\0,"200","2022-08-11 18:12:31","200","2022-08-11 18:12:31"
"200","201","149","253","678",\0,\0,\0,"200","2022-08-12 16:48:46","200","2022-08-12 16:48:46"
"200","201","149","253","682",\0,\0,\0,"200","2022-08-12 17:05:02","200","2022-08-12 17:05:02"
"200","201","149","253","694",\0,\0,\0,"200","2022-08-13 14:01:53","200","2022-08-13 14:01:53"
"200","202","149","253","672",\0,\0,\0,"200","2022-08-11 16:05:39","200","2022-08-11 16:05:39"
"200","202","149","253","674",\0,\0,\0,"200","2022-08-11 18:12:31","200","2022-08-11 18:12:31"
"200","202","149","253","678",\0,\0,\0,"200","2022-08-12 16:48:46","200","2022-08-12 16:48:46"
"200","202","149","253","682",\0,\0,\0,"200","2022-08-12 17:05:02","200","2022-08-12 17:05:02"
"200","202","149","253","694",\0,\0,\0,"200","2022-08-13 14:01:53","200","2022-08-13 14:01:53"
"200","203","149","253","672",\0,\0,\0,"200","2022-08-11 16:05:39","200","2022-08-11 16:05:39"
"200","203","149","253","674",\0,\0,\0,"200","2022-08-11 18:12:31","200","2022-08-11 18:12:31"
"200","203","149","253","678",\0,\0,\0,"200","2022-08-12 16:48:46","200","2022-08-12 16:48:46"
"200","203","149","253","682",\0,\0,\0,"200","2022-08-12 17:05:02","200","2022-08-12 17:05:02"
"200","203","149","253","694",\0,\0,\0,"200","2022-08-13 14:01:53","200","2022-08-13 14:01:53"
"200","204","149","253","672",\0,\0,\0,"200","2022-08-11 16:05:39","200","2022-08-11 16:05:39"
"200","204","149","253","674",\0,\0,\0,"200","2022-08-11 18:12:31","200","2022-08-11 18:12:31"
"200","204","149","253","678",\0,\0,\0,"200","2022-08-12 16:48:46","200","2022-08-12 16:48:46"
"200","204","149","253","682",\0,\0,\0,"200","2022-08-12 17:05:02","200","2022-08-12 17:05:02"
"200","204","149","253","694",\0,\0,\0,"200","2022-08-13 14:01:53","200","2022-08-13 14:01:53"
"178","216","150","270","836",\0,\0,\0,"178","2022-08-17 18:37:15","178","2022-08-17 18:37:15"
"178","216","150","270","837",\0,\0,\0,"178","2022-08-17 18:41:25","178","2022-08-17 18:41:25"
"181","223","150","304","945",\0,\0,\0,"181","2022-08-26 09:44:59","181","2022-08-26 09:44:59"
"181","223","150","304","946",\0,\0,\0,"181","2022-08-26 09:45:34","181","2022-08-26 09:45:34"
"181","260","150","304","945",\0,\0,\0,"181","2022-08-26 09:44:59","181","2022-08-26 09:44:59"
"181","260","150","304","946",\0,\0,\0,"181","2022-08-26 09:45:34","181","2022-08-26 09:45:34"
"3","79","151","283","833","1.0000","1","0.4333","3","2022-08-16 12:12:15","3","2022-08-16 12:12:15"
"178","99","152","251","668",\0,\0,\0,"178","2022-08-09 19:05:41","178","2022-08-09 19:05:41"
"178","99","152","251","669",\0,\0,\0,"178","2022-08-09 22:24:04","178","2022-08-09 22:24:04"
"178","109","152","251","668",\0,\0,\0,"178","2022-08-09 19:05:41","178","2022-08-09 19:05:41"
"178","109","152","251","669",\0,\0,\0,"178","2022-08-09 22:24:04","178","2022-08-09 22:24:04"
"178","258","152","251","668",\0,\0,\0,"178","2022-08-09 19:05:41","178","2022-08-09 19:05:41"
"178","258","152","251","669",\0,\0,\0,"178","2022-08-09 22:24:04","178","2022-08-09 22:24:04"
"3","99","152","280","827",\0,\0,\0,"3","2022-08-14 18:27:29","3","2022-08-14 18:27:29"
"3","16","152","294","850",\0,\0,\0,"3","2022-08-24 08:55:32","3","2022-08-24 08:55:32"
"3","17","152","294","850",\0,\0,\0,"3","2022-08-24 08:55:32","3","2022-08-24 08:55:32"
"3","37","152","294","850",\0,\0,\0,"3","2022-08-24 08:55:32","3","2022-08-24 08:55:32"
"3","76","152","294","850",\0,\0,\0,"3","2022-08-24 08:55:32","3","2022-08-24 08:55:32"
"3","77","152","294","850",\0,\0,\0,"3","2022-08-24 08:55:32","3","2022-08-24 08:55:32"
"3","78","152","294","850",\0,\0,\0,"3","2022-08-24 08:55:32","3","2022-08-24 08:55:32"
"3","79","152","294","850",\0,\0,\0,"3","2022-08-24 08:55:32","3","2022-08-24 08:55:32"
"181","215","155","263","778",\0,\0,\0,"181","2022-08-14 08:59:32","181","2022-08-14 08:59:32"
"181","215","155","263","779",\0,\0,\0,"181","2022-08-14 08:59:49","172","2022-08-14 09:01:12"
"181","215","155","263","780",\0,\0,\0,"181","2022-08-14 08:59:58","181","2022-08-14 08:59:58"
"181","215","155","263","781",\0,\0,\0,"181","2022-08-14 09:00:08","181","2022-08-14 09:00:08"
"181","215","155","263","782",\0,\0,\0,"181","2022-08-14 09:00:22","181","2022-08-14 09:00:22"
"181","215","155","263","783",\0,\0,\0,"181","2022-08-14 09:00:33","181","2022-08-14 09:00:33"
"181","215","155","263","784",\0,\0,\0,"181","2022-08-14 09:00:43","181","2022-08-14 09:00:43"
"181","215","155","263","785",\0,\0,\0,"181","2022-08-14 09:00:55","181","2022-08-14 09:00:55"
"181","218","155","263","778",\0,\0,\0,"181","2022-08-14 08:59:32","181","2022-08-14 08:59:32"
"181","218","155","263","779",\0,\0,\0,"181","2022-08-14 08:59:49","172","2022-08-14 09:01:12"
"181","218","155","263","780",\0,\0,\0,"181","2022-08-14 08:59:58","181","2022-08-14 08:59:58"
"181","218","155","263","781",\0,\0,\0,"181","2022-08-14 09:00:08","181","2022-08-14 09:00:08"
"181","218","155","263","782",\0,\0,\0,"181","2022-08-14 09:00:22","181","2022-08-14 09:00:22"
"181","218","155","263","783",\0,\0,\0,"181","2022-08-14 09:00:33","181","2022-08-14 09:00:33"
"181","218","155","263","784",\0,\0,\0,"181","2022-08-14 09:00:43","181","2022-08-14 09:00:43"
"181","218","155","263","785",\0,\0,\0,"181","2022-08-14 09:00:55","181","2022-08-14 09:00:55"
"181","222","155","263","778",\0,\0,\0,"181","2022-08-14 08:59:32","181","2022-08-14 08:59:32"
"181","222","155","263","779",\0,\0,\0,"181","2022-08-14 08:59:49","172","2022-08-14 09:01:12"
"181","222","155","263","780",\0,\0,\0,"181","2022-08-14 08:59:58","181","2022-08-14 08:59:58"
"181","222","155","263","781",\0,\0,\0,"181","2022-08-14 09:00:08","181","2022-08-14 09:00:08"
"181","222","155","263","782",\0,\0,\0,"181","2022-08-14 09:00:22","181","2022-08-14 09:00:22"
"181","222","155","263","783",\0,\0,\0,"181","2022-08-14 09:00:33","181","2022-08-14 09:00:33"
"181","222","155","263","784",\0,\0,\0,"181","2022-08-14 09:00:43","181","2022-08-14 09:00:43"
"181","222","155","263","785",\0,\0,\0,"181","2022-08-14 09:00:55","181","2022-08-14 09:00:55"
"181","223","155","263","778",\0,\0,\0,"181","2022-08-14 08:59:32","181","2022-08-14 08:59:32"
"181","223","155","263","779",\0,\0,\0,"181","2022-08-14 08:59:49","172","2022-08-14 09:01:12"
"181","223","155","263","780",\0,\0,\0,"181","2022-08-14 08:59:58","181","2022-08-14 08:59:58"
"181","223","155","263","781",\0,\0,\0,"181","2022-08-14 09:00:08","181","2022-08-14 09:00:08"
"181","223","155","263","782",\0,\0,\0,"181","2022-08-14 09:00:22","181","2022-08-14 09:00:22"
"181","223","155","263","783",\0,\0,\0,"181","2022-08-14 09:00:33","181","2022-08-14 09:00:33"
"181","223","155","263","784",\0,\0,\0,"181","2022-08-14 09:00:43","181","2022-08-14 09:00:43"
"181","223","155","263","785",\0,\0,\0,"181","2022-08-14 09:00:55","181","2022-08-14 09:00:55"
"232","236","161","292","846",\0,\0,\0,"232","2022-08-19 14:03:43","231","2022-08-19 14:04:04"
"232","236","161","292","847",\0,\0,\0,"232","2022-08-19 14:28:55","232","2022-08-19 14:28:55"
"232","236","161","292","848",\0,\0,\0,"232","2022-08-19 14:29:26","232","2022-08-19 14:29:26"
"232","236","161","292","927",\0,\0,\0,"232","2022-08-24 18:57:23","232","2022-08-24 18:57:23"
"232","236","161","292","944",\0,\0,\0,"232","2022-08-25 20:38:33","232","2022-08-25 20:38:33"
"232","236","161","292","947",\0,\0,\0,"232","2022-08-26 11:29:40","232","2022-08-26 11:29:40"
"232","236","161","292","963",\0,\0,\0,"232","2022-08-29 14:57:25","232","2022-08-29 14:57:25"
"232","236","161","292","1053",\0,\0,\0,"232","2022-08-31 10:42:21","232","2022-08-31 10:42:21"
"233","223","161","293","954",\0,\0,\0,"233","2022-08-26 12:32:34","233","2022-08-26 12:32:34"
"233","223","161","293","955",\0,\0,\0,"233","2022-08-26 12:32:57","233","2022-08-26 12:32:57"
"233","223","161","293","956",\0,\0,\0,"233","2022-08-26 12:33:53","233","2022-08-26 12:33:53"
"233","223","161","293","957",\0,\0,\0,"233","2022-08-26 20:37:19","233","2022-08-26 20:37:19"
"233","223","161","293","958",\0,\0,\0,"233","2022-08-27 14:39:37","233","2022-08-27 14:39:37"
"233","223","161","293","959",\0,\0,\0,"233","2022-08-27 15:43:47","233","2022-08-27 15:43:47"
"233","223","161","293","960",\0,\0,\0,"233","2022-08-27 15:44:01","233","2022-08-27 15:44:01"
"233","223","161","293","961",\0,\0,\0,"233","2022-08-27 15:44:23","233","2022-08-27 15:44:23"
"233","223","161","293","962",\0,\0,\0,"233","2022-08-27 15:44:37","233","2022-08-27 15:44:37"
"233","239","161","293","954",\0,\0,\0,"233","2022-08-26 12:32:34","233","2022-08-26 12:32:34"
"233","239","161","293","955",\0,\0,\0,"233","2022-08-26 12:32:57","233","2022-08-26 12:32:57"
"233","239","161","293","956",\0,\0,\0,"233","2022-08-26 12:33:53","233","2022-08-26 12:33:53"
"233","239","161","293","957",\0,\0,\0,"233","2022-08-26 20:37:19","233","2022-08-26 20:37:19"
"233","239","161","293","958",\0,\0,\0,"233","2022-08-27 14:39:37","233","2022-08-27 14:39:37"
"233","239","161","293","959",\0,\0,\0,"233","2022-08-27 15:43:47","233","2022-08-27 15:43:47"
"233","239","161","293","960",\0,\0,\0,"233","2022-08-27 15:44:01","233","2022-08-27 15:44:01"
"233","239","161","293","961",\0,\0,\0,"233","2022-08-27 15:44:23","233","2022-08-27 15:44:23"
"233","239","161","293","962",\0,\0,\0,"233","2022-08-27 15:44:37","233","2022-08-27 15:44:37"
"232","237","161","306","994",\0,\0,\0,"232","2022-08-29 15:19:47","232","2022-08-29 15:19:47"
"232","237","161","306","995",\0,\0,\0,"232","2022-08-29 15:20:44","232","2022-08-29 15:20:44"
"232","256","161","306","994",\0,\0,\0,"232","2022-08-29 15:19:47","232","2022-08-29 15:19:47"
"232","256","161","306","995",\0,\0,\0,"232","2022-08-29 15:20:44","232","2022-08-29 15:20:44"
"44","256","162","303","937",\0,\0,\0,"44","2022-08-25 15:42:32","44","2022-08-25 15:42:32"
"44","256","162","303","942",\0,\0,\0,"44","2022-08-25 18:48:42","44","2022-08-25 18:48:42"
"44","256","162","303","943",\0,\0,\0,"44","2022-08-25 18:49:31","44","2022-08-25 18:49:31"
"44","256","162","303","948",\0,\0,\0,"44","2022-08-26 11:37:18","44","2022-08-26 11:37:18"
"44","259","162","303","937",\0,\0,\0,"44","2022-08-25 15:42:32","44","2022-08-25 15:42:32"
"44","259","162","303","942",\0,\0,\0,"44","2022-08-25 18:48:42","44","2022-08-25 18:48:42"
"44","259","162","303","943",\0,\0,\0,"44","2022-08-25 18:49:31","44","2022-08-25 18:49:31"
"44","259","162","303","948",\0,\0,\0,"44","2022-08-26 11:37:18","44","2022-08-26 11:37:18"
"261","258","162","343","1157",\0,\0,\0,"261","2022-09-15 21:05:15","261","2022-09-15 21:05:15"
"261","258","162","343","1174",\0,\0,\0,"261","2022-09-26 11:34:45","261","2022-09-26 11:34:45"
"261","259","162","343","1157",\0,\0,\0,"261","2022-09-15 21:05:15","261","2022-09-15 21:05:15"
"261","259","162","343","1174",\0,\0,\0,"261","2022-09-26 11:34:45","261","2022-09-26 11:34:45"
"233","237","164","309","1091",\0,\0,\0,"233","2022-09-06 19:05:27","233","2022-09-06 19:05:27"
"232","238","165","310","1008",\0,\0,\0,"232","2022-08-29 16:32:17","232","2022-08-29 16:32:17"
"232","238","165","310","1009",\0,\0,\0,"232","2022-08-29 16:33:07","232","2022-08-29 16:33:07"
"233","238","166","311","1011",\0,\0,\0,"233","2022-08-29 17:55:38","233","2022-08-29 17:55:38"
"233","238","166","311","1012",\0,\0,\0,"233","2022-08-29 17:55:57","233","2022-08-29 17:55:57"
"232","236","167","312","1016",\0,\0,\0,"232","2022-08-29 18:53:43","232","2022-08-29 18:53:43"
"232","236","167","312","1017",\0,\0,\0,"232","2022-08-29 18:53:54","232","2022-08-29 18:53:54"
"232","236","168","314","1022",\0,\0,\0,"232","2022-08-29 20:39:15","232","2022-08-29 20:39:15"
"232","236","168","314","1023",\0,\0,\0,"232","2022-08-29 20:39:31","232","2022-08-29 20:39:31"
"232","238","168","314","1022",\0,\0,\0,"232","2022-08-29 20:39:15","232","2022-08-29 20:39:15"
"232","238","168","314","1023",\0,\0,\0,"232","2022-08-29 20:39:31","232","2022-08-29 20:39:31"
"243","256","169","315","1027",\0,\0,\0,"243","2022-08-30 13:33:37","243","2022-08-30 17:17:33"
"243","256","169","315","1028",\0,\0,\0,"243","2022-08-30 13:34:24","267","2022-08-30 13:37:55"
"243","258","169","315","1027",\0,\0,\0,"243","2022-08-30 13:33:37","243","2022-08-30 17:17:33"
"243","258","169","315","1028",\0,\0,\0,"243","2022-08-30 13:34:24","267","2022-08-30 13:37:55"
"243","259","169","315","1027",\0,\0,\0,"243","2022-08-30 13:33:37","243","2022-08-30 17:17:33"
"243","259","169","315","1028",\0,\0,\0,"243","2022-08-30 13:34:24","267","2022-08-30 13:37:55"
"243","256","170","334","1109",\0,\0,\0,"243","2022-09-07 09:52:13","243","2022-09-07 09:52:13"
"243","256","170","334","1119",\0,\0,\0,"243","2022-09-07 13:07:28","243","2022-09-07 13:07:28"
"243","256","170","334","1124",\0,\0,\0,"243","2022-09-08 09:00:21","243","2022-09-08 09:00:21"
"244","256","172","322","1048",\0,\0,\0,"244","2022-08-31 10:03:54","244","2022-08-31 11:42:24"
"244","256","172","322","1082",\0,\0,\0,"244","2022-09-01 14:16:46","244","2022-09-01 14:16:46"
"244","256","172","322","1104",\0,\0,\0,"244","2022-09-07 09:20:35","244","2022-09-07 09:20:35"
"244","256","172","322","1111",\0,\0,\0,"244","2022-09-07 10:53:44","244","2022-09-07 10:53:44"
"244","256","172","322","1118",\0,\0,\0,"244","2022-09-07 13:00:02","244","2022-09-07 13:00:02"
"244","256","172","322","1120",\0,\0,\0,"244","2022-09-07 14:02:40","244","2022-09-07 14:02:40"
"244","256","172","322","1121",\0,\0,\0,"244","2022-09-07 15:00:59","244","2022-09-07 15:00:59"
"244","256","172","322","1122",\0,\0,\0,"244","2022-09-07 16:22:54","244","2022-09-07 16:22:54"
"244","256","172","322","1123",\0,\0,\0,"244","2022-09-07 16:52:16","244","2022-09-07 16:52:16"
"244","256","172","322","1125",\0,\0,\0,"244","2022-09-08 09:25:49","244","2022-09-08 09:25:49"
"244","258","172","322","1048",\0,\0,\0,"244","2022-08-31 10:03:54","244","2022-08-31 11:42:24"
"244","258","172","322","1082",\0,\0,\0,"244","2022-09-01 14:16:46","244","2022-09-01 14:16:46"
"244","258","172","322","1104",\0,\0,\0,"244","2022-09-07 09:20:35","244","2022-09-07 09:20:35"
"244","258","172","322","1111",\0,\0,\0,"244","2022-09-07 10:53:44","244","2022-09-07 10:53:44"
"244","258","172","322","1118",\0,\0,\0,"244","2022-09-07 13:00:02","244","2022-09-07 13:00:02"
"244","258","172","322","1120",\0,\0,\0,"244","2022-09-07 14:02:40","244","2022-09-07 14:02:40"
"244","258","172","322","1121",\0,\0,\0,"244","2022-09-07 15:00:59","244","2022-09-07 15:00:59"
"244","258","172","322","1122",\0,\0,\0,"244","2022-09-07 16:22:54","244","2022-09-07 16:22:54"
"244","258","172","322","1123",\0,\0,\0,"244","2022-09-07 16:52:16","244","2022-09-07 16:52:16"
"244","258","172","322","1125",\0,\0,\0,"244","2022-09-08 09:25:49","244","2022-09-08 09:25:49"
"244","259","172","322","1048",\0,\0,\0,"244","2022-08-31 10:03:54","244","2022-08-31 11:42:24"
"244","259","172","322","1082",\0,\0,\0,"244","2022-09-01 14:16:46","244","2022-09-01 14:16:46"
"244","259","172","322","1104",\0,\0,\0,"244","2022-09-07 09:20:35","244","2022-09-07 09:20:35"
"244","259","172","322","1111",\0,\0,\0,"244","2022-09-07 10:53:44","244","2022-09-07 10:53:44"
"244","259","172","322","1118",\0,\0,\0,"244","2022-09-07 13:00:02","244","2022-09-07 13:00:02"
"244","259","172","322","1120",\0,\0,\0,"244","2022-09-07 14:02:40","244","2022-09-07 14:02:40"
"244","259","172","322","1121",\0,\0,\0,"244","2022-09-07 15:00:59","244","2022-09-07 15:00:59"
"244","259","172","322","1122",\0,\0,\0,"244","2022-09-07 16:22:54","244","2022-09-07 16:22:54"
"244","259","172","322","1123",\0,\0,\0,"244","2022-09-07 16:52:16","244","2022-09-07 16:52:16"
"244","259","172","322","1125",\0,\0,\0,"244","2022-09-08 09:25:49","244","2022-09-08 09:25:49"
"233","238","173","325","1060",\0,\0,\0,"233","2022-08-31 11:03:12","233","2022-08-31 11:03:12"
"233","238","173","325","1061",\0,\0,\0,"233","2022-08-31 11:03:28","233","2022-08-31 11:03:28"
"233","257","173","325","1060",\0,\0,\0,"233","2022-08-31 11:03:12","233","2022-08-31 11:03:12"
"233","257","173","325","1061",\0,\0,\0,"233","2022-08-31 11:03:28","233","2022-08-31 11:03:28"
"232","238","174","326","1065",\0,\0,\0,"232","2022-08-31 13:54:46","232","2022-08-31 13:54:46"
"232","238","174","326","1066",\0,\0,\0,"232","2022-08-31 13:55:10","232","2022-08-31 13:55:10"
"232","258","174","326","1065",\0,\0,\0,"232","2022-08-31 13:54:46","232","2022-08-31 13:54:46"
"232","258","174","326","1066",\0,\0,\0,"232","2022-08-31 13:55:10","232","2022-08-31 13:55:10"
"270","275","175","327","1070",\0,\0,\0,"270","2022-08-31 15:35:15","270","2022-08-31 15:35:15"
"270","275","175","327","1071",\0,\0,\0,"270","2022-08-31 15:41:39","270","2022-08-31 15:41:39"
"148","160","176","328","1072",\0,\0,\0,"148","2022-08-31 16:41:05","148","2022-08-31 16:41:05"
"148","160","176","328","1085",\0,\0,\0,"148","2022-09-01 15:04:35","148","2022-09-01 15:04:35"
"243","256","177","329","1074",\0,\0,\0,"243","2022-08-31 16:49:47","243","2022-08-31 16:49:47"
"243","256","177","329","1079",\0,\0,\0,"243","2022-09-01 10:27:56","243","2022-09-01 10:27:56"
"243","256","177","329","1081",\0,\0,\0,"243","2022-09-01 11:12:59","243","2022-09-01 11:12:59"
"243","256","177","329","1088",\0,\0,\0,"243","2022-09-02 17:13:53","243","2022-09-02 17:13:53"
"243","259","177","329","1074",\0,\0,\0,"243","2022-08-31 16:49:47","243","2022-08-31 16:49:47"
"243","259","177","329","1079",\0,\0,\0,"243","2022-09-01 10:27:56","243","2022-09-01 10:27:56"
"243","259","177","329","1081",\0,\0,\0,"243","2022-09-01 11:12:59","243","2022-09-01 11:12:59"
"243","259","177","329","1088",\0,\0,\0,"243","2022-09-02 17:13:53","243","2022-09-02 17:13:53"
"245","256","178","330","1077",\0,\0,\0,"245","2022-09-01 08:51:38","245","2022-09-01 08:51:38"
"245","256","178","330","1080",\0,\0,\0,"245","2022-09-01 10:57:50","245","2022-09-01 10:57:50"
"245","256","178","330","1089",\0,\0,\0,"245","2022-09-05 11:42:28","245","2022-09-05 11:42:28"
"245","257","178","330","1077",\0,\0,\0,"245","2022-09-01 08:51:38","245","2022-09-01 08:51:38"
"245","257","178","330","1080",\0,\0,\0,"245","2022-09-01 10:57:50","245","2022-09-01 10:57:50"
"245","257","178","330","1089",\0,\0,\0,"245","2022-09-05 11:42:28","245","2022-09-05 11:42:28"
"245","258","178","330","1077",\0,\0,\0,"245","2022-09-01 08:51:38","245","2022-09-01 08:51:38"
"245","258","178","330","1080",\0,\0,\0,"245","2022-09-01 10:57:50","245","2022-09-01 10:57:50"
"245","258","178","330","1089",\0,\0,\0,"245","2022-09-05 11:42:28","245","2022-09-05 11:42:28"
"245","259","178","330","1077",\0,\0,\0,"245","2022-09-01 08:51:38","245","2022-09-01 08:51:38"
"245","259","178","330","1080",\0,\0,\0,"245","2022-09-01 10:57:50","245","2022-09-01 10:57:50"
"245","259","178","330","1089",\0,\0,\0,"245","2022-09-05 11:42:28","245","2022-09-05 11:42:28"
"232","236","181","333","1101",\0,\0,\0,"232","2022-09-06 21:36:16","232","2022-09-06 21:36:16"
"232","236","181","333","1102",\0,\0,\0,"232","2022-09-06 21:36:29","232","2022-09-06 21:36:29"
"232","236","181","333","1103",\0,\0,\0,"232","2022-09-06 21:36:43","232","2022-09-06 21:36:43"
"232","236","181","346","1169",\0,\0,\0,"232","2022-09-19 16:53:12","232","2022-09-19 16:53:12"
"232","236","181","346","1170",\0,\0,\0,"232","2022-09-19 16:53:25","232","2022-09-19 16:53:25"
"232","236","181","346","1171",\0,\0,\0,"232","2022-09-19 16:53:38","232","2022-09-19 16:53:38"
"232","236","181","346","1172",\0,\0,\0,"232","2022-09-19 16:54:03","232","2022-09-19 16:54:03"
"232","236","181","346","1173",\0,\0,\0,"232","2022-09-19 16:54:20","232","2022-09-19 16:54:20"
"232","238","181","346","1169",\0,\0,\0,"232","2022-09-19 16:53:12","232","2022-09-19 16:53:12"
"232","238","181","346","1170",\0,\0,\0,"232","2022-09-19 16:53:25","232","2022-09-19 16:53:25"
"232","238","181","346","1171",\0,\0,\0,"232","2022-09-19 16:53:38","232","2022-09-19 16:53:38"
"232","238","181","346","1172",\0,\0,\0,"232","2022-09-19 16:54:03","232","2022-09-19 16:54:03"
"232","238","181","346","1173",\0,\0,\0,"232","2022-09-19 16:54:20","232","2022-09-19 16:54:20"
"277","281","182","338","1115",\0,\0,\0,"277","2022-09-07 11:14:21","277","2022-09-07 11:14:21"
"277","281","182","338","1116",\0,\0,\0,"277","2022-09-07 11:14:35","277","2022-09-07 11:14:35"
"277","281","182","338","1117",\0,\0,\0,"277","2022-09-07 11:14:49","277","2022-09-07 11:14:49"
"277","281","182","338","1126",\0,\0,\0,"277","2022-09-08 09:36:01","277","2022-09-08 09:36:01"
"277","281","182","338","1127",\0,\0,\0,"277","2022-09-13 10:39:08","277","2022-09-13 10:39:08"
"277","281","182","338","1131",\0,\0,\0,"277","2022-09-14 09:45:02","277","2022-09-14 09:45:02"
"277","281","182","338","1143",\0,\0,\0,"277","2022-09-15 10:45:09","277","2022-09-15 10:45:09"
"277","282","182","338","1115",\0,\0,\0,"277","2022-09-07 11:14:21","277","2022-09-07 11:14:21"
"277","282","182","338","1116",\0,\0,\0,"277","2022-09-07 11:14:35","277","2022-09-07 11:14:35"
"277","282","182","338","1117",\0,\0,\0,"277","2022-09-07 11:14:49","277","2022-09-07 11:14:49"
"277","282","182","338","1126",\0,\0,\0,"277","2022-09-08 09:36:01","277","2022-09-08 09:36:01"
"277","282","182","338","1127",\0,\0,\0,"277","2022-09-13 10:39:08","277","2022-09-13 10:39:08"
"277","282","182","338","1131",\0,\0,\0,"277","2022-09-14 09:45:02","277","2022-09-14 09:45:02"
"277","282","182","338","1143",\0,\0,\0,"277","2022-09-15 10:45:09","277","2022-09-15 10:45:09"
"232","236","183","341","1139",\0,\0,\0,"232","2022-09-14 16:27:28","232","2022-09-14 16:27:28"
"232","236","183","341","1140",\0,\0,\0,"232","2022-09-14 16:27:48","232","2022-09-14 16:27:48"
"232","236","183","341","1141",\0,\0,\0,"232","2022-09-14 16:28:23","232","2022-09-14 16:28:23"
"232","236","183","341","1142",\0,\0,\0,"232","2022-09-14 16:28:39","232","2022-09-14 16:28:39"
